{
  "averageIntervalWhite": 15.001742767514813,
  "mostFrequentHoursWhite": [
    4,
    11,
    19,
    1
  ],
  "mostFrequentMinutesWhite": [
    44,
    20,
    13,
    10
  ],
  "mostFrequentHoursRed": [
    1,
    2,
    20,
    3
  ],
  "mostFrequentMinutesRed": [
    3,
    8,
    38,
    16
  ],
  "mostFrequentHoursBlack": [
    21,
    0,
    23,
    18
  ],
  "mostFrequentMinutesBlack": [
    14,
    49,
    52,
    15
  ],
  "hourlyCounts": {
    "0": {
      "red": 46.37443670626792,
      "black": 47.27570667759115,
      "white": 6.349856616140926
    },
    "1": {
      "red": 47.75242519469873,
      "black": 45.38871430523296,
      "white": 6.858860500068316
    },
    "2": {
      "red": 47.41014076807435,
      "black": 46.22112887795545,
      "white": 6.368730353970206
    },
    "3": {
      "red": 46.86123348017621,
      "black": 46.65473568281938,
      "white": 6.484030837004405
    },
    "4": {
      "red": 47.19944405837387,
      "black": 45.7539958304378,
      "white": 7.046560111188326
    },
    "5": {
      "red": 46.58185376764994,
      "black": 46.525933174891655,
      "white": 6.892213057458409
    },
    "6": {
      "red": 46.88603304617992,
      "black": 46.405874876429884,
      "white": 6.708092077390199
    },
    "7": {
      "red": 45.92456561661252,
      "black": 47.80336205678768,
      "white": 6.272072326599802
    },
    "8": {
      "red": 47.34313171283211,
      "black": 46.65065008479367,
      "white": 6.006218202374223
    },
    "9": {
      "red": 47.62173606210304,
      "black": 45.659844742413554,
      "white": 6.718419195483416
    },
    "10": {
      "red": 46.293686583990976,
      "black": 46.73055242390079,
      "white": 6.97576099210823
    },
    "11": {
      "red": 46.33111833733918,
      "black": 46.52905414958292,
      "white": 7.139827513077902
    },
    "12": {
      "red": 46.396269078575465,
      "black": 46.862634256642174,
      "white": 6.741096664782363
    },
    "13": {
      "red": 45.628070175438594,
      "black": 47.368421052631575,
      "white": 7.003508771929824
    },
    "14": {
      "red": 46.424533634821934,
      "black": 47.25833804409271,
      "white": 6.3171283210853595
    },
    "15": {
      "red": 46.98744179483562,
      "black": 46.21137293636235,
      "white": 6.801185268802032
    },
    "16": {
      "red": 46.636834009229474,
      "black": 46.72073835827157,
      "white": 6.6424276324989515
    },
    "17": {
      "red": 46.904156064461404,
      "black": 46.663839411931015,
      "white": 6.432004523607578
    },
    "18": {
      "red": 46.440489432703004,
      "black": 47.4833147942158,
      "white": 6.076195773081201
    },
    "19": {
      "red": 47.04656011118832,
      "black": 45.94857539958304,
      "white": 7.0048644892286305
    },
    "20": {
      "red": 48.05501528202279,
      "black": 45.0402889691581,
      "white": 6.904695748819116
    },
    "21": {
      "red": 45.44833242208857,
      "black": 47.895024603608526,
      "white": 6.6566429743028985
    },
    "22": {
      "red": 46.43052516411378,
      "black": 46.70404814004377,
      "white": 6.8654266958424515
    },
    "23": {
      "red": 45.94557637084644,
      "black": 47.340352796389986,
      "white": 6.714070832763571
    }
  },
  "minuteCounts": {
    "0": {
      "red": 46.86192468619247,
      "black": 45.92050209205021,
      "white": 7.217573221757322
    },
    "1": {
      "red": 46.56913967258795,
      "black": 47.02194357366771,
      "white": 6.4089167537443394
    },
    "2": {
      "red": 46.084232509571876,
      "black": 46.74556213017752,
      "white": 7.170205360250609
    },
    "3": {
      "red": 49.390456287008014,
      "black": 44.40961337513062,
      "white": 6.199930337861372
    },
    "4": {
      "red": 47.19805081796032,
      "black": 45.94500522102332,
      "white": 6.856943961016359
    },
    "5": {
      "red": 47.441698572920295,
      "black": 46.22345979812043,
      "white": 6.334841628959276
    },
    "6": {
      "red": 48.0849582172702,
      "black": 45.82172701949861,
      "white": 6.093314763231198
    },
    "7": {
      "red": 45.80577793247477,
      "black": 47.23285764009746,
      "white": 6.9613644274277755
    },
    "8": {
      "red": 48.920612813370475,
      "black": 43.76740947075209,
      "white": 7.311977715877438
    },
    "9": {
      "red": 47.78822709857193,
      "black": 45.31522117729014,
      "white": 6.896551724137931
    },
    "10": {
      "red": 45.749128919860624,
      "black": 46.89895470383275,
      "white": 7.351916376306621
    },
    "11": {
      "red": 46.41364902506964,
      "black": 46.796657381615596,
      "white": 6.789693593314763
    },
    "12": {
      "red": 47.89272030651341,
      "black": 45.489376523859285,
      "white": 6.617903169627308
    },
    "13": {
      "red": 45.942180424939046,
      "black": 46.603970741901776,
      "white": 7.453848833159178
    },
    "14": {
      "red": 44.75792406826889,
      "black": 48.86799024730059,
      "white": 6.374085684430512
    },
    "15": {
      "red": 46.56913967258795,
      "black": 47.85788923719958,
      "white": 5.572971090212469
    },
    "16": {
      "red": 48.1700941094458,
      "black": 45.41652143604043,
      "white": 6.413384454513768
    },
    "17": {
      "red": 45.6287008011146,
      "black": 47.64890282131661,
      "white": 6.722396377568791
    },
    "18": {
      "red": 45.92618384401114,
      "black": 47.07520891364902,
      "white": 6.9986072423398324
    },
    "19": {
      "red": 46.30662020905923,
      "black": 47.42160278745644,
      "white": 6.2717770034843205
    },
    "20": {
      "red": 44.935607379046296,
      "black": 47.47650539505743,
      "white": 7.587887225896275
    },
    "21": {
      "red": 46.86629526462395,
      "black": 46.135097493036206,
      "white": 6.9986072423398324
    },
    "22": {
      "red": 45.99303135888502,
      "black": 47.77003484320557,
      "white": 6.2369337979094075
    },
    "23": {
      "red": 45.16016713091922,
      "black": 47.66713091922006,
      "white": 7.172701949860724
    },
    "24": {
      "red": 46.11903933170902,
      "black": 47.0936303515489,
      "white": 6.787330316742081
    },
    "25": {
      "red": 47.00765483646486,
      "black": 46.242171189979125,
      "white": 6.75017397355602
    },
    "26": {
      "red": 46.62256267409471,
      "black": 46.37883008356546,
      "white": 6.9986072423398324
    },
    "27": {
      "red": 47.8941872607031,
      "black": 45.8405847546119,
      "white": 6.265227984684999
    },
    "28": {
      "red": 47.21448467966574,
      "black": 46.72701949860724,
      "white": 6.0584958217270195
    },
    "29": {
      "red": 47.529575504523315,
      "black": 46.207376478775224,
      "white": 6.263048016701461
    },
    "30": {
      "red": 45.9958217270195,
      "black": 47.701949860724234,
      "white": 6.302228412256268
    },
    "31": {
      "red": 46.4671075530804,
      "black": 47.024016707274626,
      "white": 6.508875739644971
    },
    "32": {
      "red": 47.09160571229537,
      "black": 45.802856147683734,
      "white": 7.105538140020899
    },
    "33": {
      "red": 47.42339832869081,
      "black": 46.27437325905292,
      "white": 6.302228412256268
    },
    "34": {
      "red": 46.796657381615596,
      "black": 46.62256267409471,
      "white": 6.580779944289694
    },
    "35": {
      "red": 45.6287008011146,
      "black": 47.19609892023685,
      "white": 7.175200278648554
    },
    "36": {
      "red": 47.84122562674094,
      "black": 45.36908077994429,
      "white": 6.789693593314763
    },
    "37": {
      "red": 46.448467966573816,
      "black": 47.2841225626741,
      "white": 6.267409470752089
    },
    "38": {
      "red": 48.57242339832869,
      "black": 45.57799442896936,
      "white": 5.8495821727019495
    },
    "39": {
      "red": 46.73875130798744,